{"cameraMode":{"drawMode":0,"name":"Shaded","section":"Shading Mode"},"sceneLighting":false,"audioPlay":false,"sceneViewState":{"showFog":true,"showMaterialUpdate":true,"showSkybox":false,"showFlares":true,"showImageEffects":true,"showParticleSystems":true},"in2DMode":false,"pivot":{"x":-0.09999999403953552,"y":0.8899999856948853,"z":12.430000305175782},"rotation":{"x":-0.1398358792066574,"y":-0.8181950449943543,"z":0.22409406304359437,"w":-0.5107267498970032},"size":1.428942322731018,"orthographic":false}