{"cameraMode":{"drawMode":0,"name":"Shaded","section":"Shading Mode"},"sceneLighting":true,"audioPlay":false,"sceneViewState":{"showFog":true,"showMaterialUpdate":true,"showSkybox":true,"showFlares":true,"showImageEffects":true,"showParticleSystems":true},"in2DMode":false,"pivot":{"x":7.341796875,"y":-0.3056640625,"z":0.2567138671875},"rotation":{"x":0.16490815579891206,"y":0.6776610612869263,"z":-0.1599740833044052,"w":0.6985621452331543},"size":10.960480690002442,"orthographic":true}