{"cameraMode":{"drawMode":0,"name":"Shaded","section":"Shading Mode"},"sceneLighting":true,"audioPlay":false,"sceneViewState":{"showFog":true,"showMaterialUpdate":true,"showSkybox":true,"showFlares":true,"showImageEffects":true,"showParticleSystems":true},"in2DMode":false,"pivot":{"x":-14.171504020690918,"y":6.713587760925293,"z":-1.8709293603897095},"rotation":{"x":-0.18843060731887818,"y":-0.6608221530914307,"z":0.17674843966960908,"w":-0.704717218875885},"size":3.174947500228882,"orthographic":false}